driverId,imgUrl
1,upload.wikimedia.org/wikipedia/commons/thumb/1/18/Lewis_Hamilton_2016_Malaysia_2.jpg/220px-Lewis_Hamilton_2016_Malaysia_2.jpg
2,upload.wikimedia.org/wikipedia/commons/thumb/2/2c/Nick_Heidfeld_Goodwood_Festival_of_Speed_2019_%2848242681251%29.jpg/220px-Nick_Heidfeld_Goodwood_Festival_of_Speed_2019_%2848242681251%29.jpg
3,upload.wikimedia.org/wikipedia/commons/thumb/3/31/Nico_Rosberg_2016.jpg/220px-Nico_Rosberg_2016.jpg
4,upload.wikimedia.org/wikipedia/commons/thumb/2/2b/Alonso_2016.jpg/240px-Alonso_2016.jpg
5,upload.wikimedia.org/wikipedia/commons/thumb/5/59/2002_Kovalainen.jpg/220px-2002_Kovalainen.jpg
6,upload.wikimedia.org/wikipedia/commons/thumb/a/ad/Kazuki_Nakajima_2012_WEC_Fuji.jpg/220px-Kazuki_Nakajima_2012_WEC_Fuji.jpg
7,upload.wikimedia.org/wikipedia/commons/thumb/7/75/Sebastien_Bourdais_2005_Long_Beach.jpg/220px-Sebastien_Bourdais_2005_Long_Beach.jpg
8,
9,upload.wikimedia.org/wikipedia/commons/thumb/9/90/2019_Formula_One_tests_Barcelona%2C_Kubica_%2832309897777%29.jpg/220px-2019_Formula_One_tests_Barcelona%2C_Kubica_%2832309897777%29.jpg
10,upload.wikimedia.org/wikipedia/commons/thumb/3/3e/Timo_Glock_Canada_2011-Cropped.jpg/220px-Timo_Glock_Canada_2011-Cropped.jpg
11,upload.wikimedia.org/wikipedia/commons/thumb/d/df/Takuma_Sato_2013.jpg/220px-Takuma_Sato_2013.jpg
12,
13,upload.wikimedia.org/wikipedia/commons/thumb/7/79/Felipe_Massa_Le_Mans_Classic_2018_%28cropped%29.jpg/220px-Felipe_Massa_Le_Mans_Classic_2018_%28cropped%29.jpg
14,upload.wikimedia.org/wikipedia/commons/thumb/e/e2/Coulthard_pacific_f3000.JPG/220px-Coulthard_pacific_f3000.JPG
15,upload.wikimedia.org/wikipedia/commons/thumb/1/18/Jarno_Trulli_1999_Canada.jpg/220px-Jarno_Trulli_1999_Canada.jpg
16,upload.wikimedia.org/wikipedia/commons/thumb/e/e4/Adrian_Sutil.jpg/220px-Adrian_Sutil.jpg
17,upload.wikimedia.org/wikipedia/commons/thumb/b/b2/Mark_Webber_2017_Malaysian_GP_podium.jpg/180px-Mark_Webber_2017_Malaysian_GP_podium.jpg
18,upload.wikimedia.org/wikipedia/commons/thumb/d/dc/Jenson_Button_bahrain_2012.jpg/220px-Jenson_Button_bahrain_2012.jpg
19,upload.wikimedia.org/wikipedia/commons/thumb/7/7f/Anthony_Davidson_Goodwood_Festival_of_Speed_2019_%2848242774922%29.jpg/200px-Anthony_Davidson_Goodwood_Festival_of_Speed_2019_%2848242774922%29.jpg
20,upload.wikimedia.org/wikipedia/commons/thumb/b/b3/Sebastian_Vettel_2017_Malaysia_2.jpg/220px-Sebastian_Vettel_2017_Malaysia_2.jpg
21,upload.wikimedia.org/wikipedia/commons/thumb/e/e2/Giancarlo_Fisichella_2012_WEC_Fuji.jpg/220px-Giancarlo_Fisichella_2012_WEC_Fuji.jpg
22,upload.wikimedia.org/wikipedia/commons/thumb/2/28/Rubens_Barrichello_2010_Malaysia.jpg/220px-Rubens_Barrichello_2010_Malaysia.jpg
23,upload.wikimedia.org/wikipedia/commons/thumb/d/d1/Ralf_Schumacher%2C_2016.png/220px-Ralf_Schumacher%2C_2016.png
24,upload.wikimedia.org/wikipedia/commons/thumb/0/01/Vitantonio_Liuzzi_2011_Malaysia.jpg/220px-Vitantonio_Liuzzi_2011_Malaysia.jpg
25,upload.wikimedia.org/wikipedia/commons/thumb/5/5f/Alexander_Wurz_-_2016_24_Hours_of_Le_Mans_-_Pit_Walk.jpg/220px-Alexander_Wurz_-_2016_24_Hours_of_Le_Mans_-_Pit_Walk.jpg
26,upload.wikimedia.org/wikipedia/commons/thumb/f/f2/Scott_Speed.jpg/220px-Scott_Speed.jpg
27,upload.wikimedia.org/wikipedia/commons/thumb/0/04/Christijan_Albers_2006_%28cropped%29.JPG/220px-Christijan_Albers_2006_%28cropped%29.JPG
28,upload.wikimedia.org/wikipedia/commons/thumb/8/83/Markus_Winkelhock_Formel3%28ThKraft%29.jpg/220px-Markus_Winkelhock_Formel3%28ThKraft%29.jpg
29,upload.wikimedia.org/wikipedia/commons/thumb/9/98/Sakon_Yamamoto_2010_Motorsport_Japan.jpg/220px-Sakon_Yamamoto_2010_Motorsport_Japan.jpg
30,upload.wikimedia.org/wikipedia/commons/thumb/c/c0/Schumacher_china_2012_crop.jpg/220px-Schumacher_china_2012_crop.jpg
31,
32,upload.wikimedia.org/wikipedia/commons/thumb/7/7f/Christian_Klien_%2813994163352%29.jpg/220px-Christian_Klien_%2813994163352%29.jpg
33,upload.wikimedia.org/wikipedia/commons/thumb/0/00/Monteiro_%28Jordan%29_qualifying_at_USGP_2005.jpg/220px-Monteiro_%28Jordan%29_qualifying_at_USGP_2005.jpg
34,upload.wikimedia.org/wikipedia/commons/thumb/9/90/Yuji_Ide_2010_Super_GT_Fuji_400km.jpg/220px-Yuji_Ide_2010_Super_GT_Fuji_400km.jpg
35,upload.wikimedia.org/wikipedia/commons/thumb/6/63/Jacques_Villeneuve_at_Mont-Tremblant_2010_01.jpg/220px-Jacques_Villeneuve_at_Mont-Tremblant_2010_01.jpg
36,upload.wikimedia.org/wikipedia/commons/thumb/a/a9/Franck_Montagny_Le_Mans_drivers_parade_2011_crop.jpg/220px-Franck_Montagny_Le_Mans_drivers_parade_2011_crop.jpg
37,
38,upload.wikimedia.org/wikipedia/commons/thumb/4/42/Robert_Doornbos_-_Red_Bull_Racing.jpg/220px-Robert_Doornbos_-_Red_Bull_Racing.jpg
39,upload.wikimedia.org/wikipedia/commons/thumb/a/a6/Narain_Karthikeyan_2011_Malaysia2.jpg/220px-Narain_Karthikeyan_2011_Malaysia2.jpg
40,upload.wikimedia.org/wikipedia/commons/thumb/2/26/Patrick_Friesacher.jpg/220px-Patrick_Friesacher.jpg
41,upload.wikimedia.org/wikipedia/commons/thumb/9/97/Ricardo_Zonta_2007_Curitiba.jpg/220px-Ricardo_Zonta_2007_Curitiba.jpg
42,
43,
44,upload.wikimedia.org/wikipedia/commons/thumb/9/93/Olivier_Panis.jpg/220px-Olivier_Panis.jpg
45,upload.wikimedia.org/wikipedia/commons/thumb/6/61/Pantano_Jordan_2004.JPG/220px-Pantano_Jordan_2004.JPG
46,upload.wikimedia.org/wikipedia/commons/thumb/d/db/Gianmaria_Bruni_2012_WEC_Fuji.jpg/220px-Gianmaria_Bruni_2012_WEC_Fuji.jpg
47,upload.wikimedia.org/wikipedia/commons/thumb/5/51/Baumgartner_usgp_2004.jpg/220px-Baumgartner_usgp_2004.jpg
48,
49,upload.wikimedia.org/wikipedia/commons/thumb/d/d3/Heinz-Harald_Frentzen_a.jpg/220px-Heinz-Harald_Frentzen_a.jpg
50,upload.wikimedia.org/wikipedia/commons/thumb/4/42/Jos_Verstappen_A1_test_2005_%28cropped%29.jpg/220px-Jos_Verstappen_A1_test_2005_%28cropped%29.jpg
51,upload.wikimedia.org/wikipedia/commons/thumb/7/7c/Justin_Wilson_2003_Silverstone_3.jpg/220px-Justin_Wilson_2003_Silverstone_3.jpg
52,upload.wikimedia.org/wikipedia/commons/thumb/8/82/Ralph_Firman_2008_Super_GT.jpg/220px-Ralph_Firman_2008_Super_GT.jpg
53,
54,upload.wikimedia.org/wikipedia/commons/thumb/8/86/Luciano_Burti_2006_Curitiba.jpg/220px-Luciano_Burti_2006_Curitiba.jpg
55,upload.wikimedia.org/wikipedia/commons/thumb/c/c7/Jean_Alesi%2C_GIMS_2019%2C_Le_Grand-Saconnex_%28GIMS0047%29.jpg/220px-Jean_Alesi%2C_GIMS_2019%2C_Le_Grand-Saconnex_%28GIMS0047%29.jpg
56,upload.wikimedia.org/wikipedia/commons/thumb/e/eb/Eddie_Irvine_after_the_1999_Australian_Grand_Prix.jpg/220px-Eddie_Irvine_after_the_1999_Australian_Grand_Prix.jpg
57,
58,upload.wikimedia.org/wikipedia/commons/thumb/c/cc/Tarso_Marques_2007_Curitiba.jpg/220px-Tarso_Marques_2007_Curitiba.jpg
59,upload.wikimedia.org/wikipedia/commons/thumb/f/f7/Enrique_Bernoldi_2007_Curitiba.jpg/220px-Enrique_Bernoldi_2007_Curitiba.jpg
60,upload.wikimedia.org/wikipedia/commons/thumb/8/80/Mazzacane_en_Minardi_F1_2000.jpg/250px-Mazzacane_en_Minardi_F1_2000.jpg
61,upload.wikimedia.org/wikipedia/commons/thumb/6/6b/Tomas_Enge_2007.jpg/220px-Tomas_Enge_2007.jpg
62,upload.wikimedia.org/wikipedia/commons/thumb/5/57/AlexYoong.JPG/220px-AlexYoong.JPG
63,upload.wikimedia.org/wikipedia/commons/thumb/c/c7/Mika_Salo_Le_Mans_2009_cropped.jpg/220px-Mika_Salo_Le_Mans_2009_cropped.jpg
64,upload.wikimedia.org/wikipedia/commons/thumb/6/6e/Pedro_Diniz_Forti_1995_Britain_%28crop%29.jpg/220px-Pedro_Diniz_Forti_1995_Britain_%28crop%29.jpg
65,upload.wikimedia.org/wikipedia/commons/thumb/8/8e/Johnny_Herbert_at_Goodwood_2014_002.jpg/220px-Johnny_Herbert_at_Goodwood_2014_002.jpg
66,upload.wikimedia.org/wikipedia/commons/thumb/9/90/McNish_toyota_2002.jpg/220px-McNish_toyota_2002.jpg
67,upload.wikimedia.org/wikipedia/commons/thumb/7/75/Sebastien_Buemi_2008_GP2_Silverstone.jpg/220px-Sebastien_Buemi_2008_GP2_Silverstone.jpg
68,upload.wikimedia.org/wikipedia/commons/thumb/f/f2/Toranosuke_Takagi_2008_Super_GT.jpg/220px-Toranosuke_Takagi_2008_Super_GT.jpg
69,upload.wikimedia.org/wikipedia/commons/thumb/1/13/Luca_Badoer_2007_Desafio_Internacional_das_Estrelas.jpg/220px-Luca_Badoer_2007_Desafio_Internacional_das_Estrelas.jpg
70,upload.wikimedia.org/wikipedia/commons/thumb/8/8a/Alessandro_Zanardi_2007_Curitiba.jpg/250px-Alessandro_Zanardi_2007_Curitiba.jpg
71,upload.wikimedia.org/wikipedia/commons/thumb/f/ff/Damon_Hill_May_2012_Cropped.jpg/220px-Damon_Hill_May_2012_Cropped.jpg
72,upload.wikimedia.org/wikipedia/commons/thumb/1/18/Stephane_Sarrazin_2007_Mil_Milhas_Brasil.jpg/220px-Stephane_Sarrazin_2007_Mil_Milhas_Brasil.jpg
73,
74,upload.wikimedia.org/wikipedia/commons/thumb/b/b6/Esteban_Tuero_2017_%28cropped%29.jpg/220px-Esteban_Tuero_2017_%28cropped%29.jpg
75,upload.wikimedia.org/wikipedia/commons/thumb/4/4d/Shinji_Nakano_2009_Japan.jpg/220px-Shinji_Nakano_2009_Japan.jpg
76,upload.wikimedia.org/wikipedia/commons/thumb/b/b3/Jan_Magnussen_cropped.jpg/220px-Jan_Magnussen_cropped.jpg
77,upload.wikimedia.org/wikipedia/commons/thumb/2/21/Gerhard_Berger_1991USA.jpg/220px-Gerhard_Berger_1991USA.jpg
78,upload.wikimedia.org/wikipedia/commons/thumb/6/6d/Nicola_Larini_2006_Curitiba.jpg/220px-Nicola_Larini_2006_Curitiba.jpg
79,upload.wikimedia.org/wikipedia/commons/thumb/6/6e/Ukyo_Katayama_2008.jpg/220px-Ukyo_Katayama_2008.jpg
80,
81,upload.wikimedia.org/wikipedia/commons/thumb/3/3d/Gianni_Morbidelli_-_Footwork_FA15_at_the_1994_British_Grand_Prix_%2832418632251%29.jpg/220px-Gianni_Morbidelli_-_Footwork_FA15_at_the_1994_British_Grand_Prix_%2832418632251%29.jpg
82,
83,upload.wikimedia.org/wikipedia/commons/thumb/7/7f/Pedro_Lamy_Le_Mans_drivers_parade_2011_crop.jpg/220px-Pedro_Lamy_Le_Mans_drivers_parade_2011_crop.jpg
84,upload.wikimedia.org/wikipedia/commons/thumb/7/7d/Martin_Brundle.jpg/220px-Martin_Brundle.jpg
85,upload.wikimedia.org/wikipedia/commons/thumb/e/eb/Andrea_Montermini_1995_Britain.jpg/220px-Andrea_Montermini_1995_Britain.jpg
86,
87,upload.wikimedia.org/wikipedia/commons/thumb/1/18/Mark_Blundell_portrait_2011.jpg/220px-Mark_Blundell_portrait_2011.jpg
88,upload.wikimedia.org/wikipedia/commons/thumb/7/7d/Aguri_Suzuki_2008_Super_GT.jpg/220px-Aguri_Suzuki_2008_Super_GT.jpg
89,upload.wikimedia.org/wikipedia/commons/thumb/a/af/Inoue_Footwork_Monaco.jpg/220px-Inoue_Footwork_Monaco.jpg
90,upload.wikimedia.org/wikipedia/commons/thumb/6/63/Moreno_at_1982_Dutch_Grand_Prix.jpg/220px-Moreno_at_1982_Dutch_Grand_Prix.jpg
91,
92,upload.wikimedia.org/wikipedia/commons/thumb/0/08/Bertrand_Gachot_-_1991_US_GP.jpg/220px-Bertrand_Gachot_-_1991_US_GP.jpg
93,
94,upload.wikimedia.org/wikipedia/commons/thumb/5/58/Pierluigi_Martini_in_2016.jpg/220px-Pierluigi_Martini_in_2016.jpg
95,upload.wikimedia.org/wikipedia/commons/thumb/b/b7/Nigel_Mansell_-_Mexican_Grand_Prix_01.JPG/220px-Nigel_Mansell_-_Mexican_Grand_Prix_01.JPG
96,upload.wikimedia.org/wikipedia/commons/thumb/6/69/Jean-Christophe_Boullion_2007_Mil_Milhas_Brasil.jpg/220px-Jean-Christophe_Boullion_2007_Mil_Milhas_Brasil.jpg
97,upload.wikimedia.org/wikipedia/commons/thumb/f/fe/Max_Papis_Road_America_2013.jpg/220px-Max_Papis_Road_America_2013.jpg
98,
99,upload.wikimedia.org/wikipedia/commons/thumb/2/23/Gabriele_Tarquini_2008_Brands_Hatch.jpg/220px-Gabriele_Tarquini_2008_Brands_Hatch.jpg
100,upload.wikimedia.org/wikipedia/commons/thumb/d/d2/Comas_lm2005.jpg/220px-Comas_lm2005.jpg
101,upload.wikimedia.org/wikipedia/commons/thumb/e/ec/David_Brabham_2007.jpg/220px-David_Brabham_2007.jpg
102,upload.wikimedia.org/wikipedia/commons/thumb/3/38/Ayrton_Senna_8_%28cropped%29.jpg/220px-Ayrton_Senna_8_%28cropped%29.jpg
103,
104,upload.wikimedia.org/wikipedia/commons/thumb/f/f9/Christian_Fittipaldi_2006_Curitiba.jpg/220px-Christian_Fittipaldi_2006_Curitiba.jpg
105,upload.wikimedia.org/wikipedia/commons/thumb/0/06/Michele_Alboreto_-_Canada_1988.jpg/220px-Michele_Alboreto_-_Canada_1988.jpg
106,upload.wikimedia.org/wikipedia/commons/thumb/6/6a/Olivier_Beretta_2012_WEC_Fuji.jpg/250px-Olivier_Beretta_2012_WEC_Fuji.jpg
107,upload.wikimedia.org/wikipedia/commons/thumb/d/d8/Ratzenberger.jpg/220px-Ratzenberger.jpg
108,upload.wikimedia.org/wikipedia/commons/thumb/e/e1/Paul_Belmondo_par_Claude_Truong-Ngoc_juillet_2013.jpg/220px-Paul_Belmondo_par_Claude_Truong-Ngoc_juillet_2013.jpg
109,
110,
111,
112,upload.wikimedia.org/wikipedia/commons/thumb/f/f0/Philippe_Alliot_1990_United_States.jpg/220px-Philippe_Alliot_1990_United_States.jpg
113,upload.wikimedia.org/wikipedia/commons/thumb/9/95/Philippe_Adams%27_Lotus_109.jpg/220px-Philippe_Adams%27_Lotus_109.jpg
114,
115,upload.wikimedia.org/wikipedia/commons/thumb/d/db/Hideki_Noda_2009_1000km_of_Okayama.jpg/220px-Hideki_Noda_2009_1000km_of_Okayama.jpg
116,upload.wikimedia.org/wikipedia/commons/thumb/9/9c/Franck_Lagorce_-_Mondial_de_l%27Automobile_de_Paris_2016_-_003.jpg/220px-Franck_Lagorce_-_Mondial_de_l%27Automobile_de_Paris_2016_-_003.jpg
117,upload.wikimedia.org/wikipedia/commons/thumb/9/95/Festival_automobile_international_2012_-_Photocall_-_Alain_Prost_-_013.jpg/220px-Festival_automobile_international_2012_-_Photocall_-_Alain_Prost_-_013.jpg
118,upload.wikimedia.org/wikipedia/commons/thumb/4/47/Derek_Warwick_Silverstone_2014.JPG/220px-Derek_Warwick_Silverstone_2014.JPG
119,upload.wikimedia.org/wikipedia/commons/thumb/9/95/RiccardoPatrese.jpg/220px-RiccardoPatrese.jpg
120,upload.wikimedia.org/wikipedia/commons/thumb/b/b8/Barbazza_CART_1992.jpg/220px-Barbazza_CART_1992.jpg
121,upload.wikimedia.org/wikipedia/commons/thumb/7/71/Michael_Andretti_2007_Michigan.jpg/220px-Michael_Andretti_2007_Michigan.jpg
122,upload.wikimedia.org/wikipedia/commons/thumb/d/d4/Capelli_1991.jpg/220px-Capelli_1991.jpg
123,upload.wikimedia.org/wikipedia/commons/thumb/7/7d/1985_European_GP_Boutsen.jpg/220px-1985_European_GP_Boutsen.jpg
124,
125,
126,
127,upload.wikimedia.org/wikipedia/commons/thumb/0/0b/Gugelmin.jpg/220px-Gugelmin.jpg
128,
129,
130,upload.wikimedia.org/wikipedia/commons/thumb/0/0d/1992_Andrea_Chiesa_Fondmetal.jpg/220px-1992_Andrea_Chiesa_Fondmetal.jpg
131,
132,
133,upload.wikimedia.org/wikipedia/commons/thumb/f/fa/Alex_Caffi_1991.jpg/220px-Alex_Caffi_1991.jpg
134,
135,
136,upload.wikimedia.org/wikipedia/commons/thumb/7/79/Jan_Lammers_of_Hope_Racing%27s_Oreca_Swiss_HY_Tech_Hybrid_%28cropped%29.jpg/220px-Jan_Lammers_of_Hope_Racing%27s_Oreca_Swiss_HY_Tech_Hybrid_%28cropped%29.jpg
137,upload.wikimedia.org/wikipedia/commons/thumb/9/99/Nelson_Piquet_Souto_Maior.jpg/220px-Nelson_Piquet_Souto_Maior.jpg
138,upload.wikimedia.org/wikipedia/commons/thumb/1/1e/Satoru_Nakajima_2008_Motorsport_Japan.jpg/220px-Satoru_Nakajima_2008_Motorsport_Japan.jpg
139,upload.wikimedia.org/wikipedia/commons/thumb/1/1b/Emanuele_Pirro_2012_WEC_Fuji_2.jpg/220px-Emanuele_Pirro_2012_WEC_Fuji_2.jpg
140,upload.wikimedia.org/wikipedia/commons/thumb/f/f6/Stefan_Johansson_2009_Indy_500_Carb_Day.JPG/220px-Stefan_Johansson_2009_Indy_500_Carb_Day.JPG
141,upload.wikimedia.org/wikipedia/commons/thumb/9/95/Julian_Bailey_1991_USA.jpg/220px-Julian_Bailey_1991_USA.jpg
142,
143,upload.wikimedia.org/wikipedia/commons/thumb/0/0f/Michael_Bartels_-_Alfa_Romeo_155_V6_Ti_exits_Old_Hairpin_at_Donington_1995.jpg/220px-Michael_Bartels_-_Alfa_Romeo_155_V6_Ti_exits_Old_Hairpin_at_Donington_1995.jpg
144,upload.wikimedia.org/wikipedia/commons/thumb/7/79/Naoki_Hattori_2008_Super_GT.jpg/220px-Naoki_Hattori_2008_Super_GT.jpg
145,upload.wikimedia.org/wikipedia/commons/thumb/7/74/Alessandro_Nannini_1988_Canada_2.jpg/220px-Alessandro_Nannini_1988_Canada_2.jpg
146,upload.wikimedia.org/wikipedia/commons/thumb/1/14/Bernd_Schneider_2007_amk.jpg/220px-Bernd_Schneider_2007_amk.jpg
147,
148,
149,
150,
151,upload.wikimedia.org/wikipedia/commons/thumb/7/7f/Martin_Donnelly_VW_Scirocco_R-Cup_-_2012.jpg/220px-Martin_Donnelly_VW_Scirocco_R-Cup_-_2012.jpg
152,
153,upload.wikimedia.org/wikipedia/commons/thumb/8/84/Jaime_Alguersuari_Canada_2010_cropped.jpg/150px-Jaime_Alguersuari_Canada_2010_cropped.jpg
154,upload.wikimedia.org/wikipedia/commons/thumb/f/fa/Romain_Grosjean_2008_GP2_Silverstone.jpg/220px-Romain_Grosjean_2008_GP2_Silverstone.jpg
155,upload.wikimedia.org/wikipedia/commons/thumb/3/39/Caterham%2C_No.10_Kamui_Kobayashi_%282%29_%2815531214278%29.jpg/220px-Caterham%2C_No.10_Kamui_Kobayashi_%282%29_%2815531214278%29.jpg
156,upload.wikimedia.org/wikipedia/commons/thumb/2/2b/Jonathan_Palmer_Profile.jpg/220px-Jonathan_Palmer_Profile.jpg
157,upload.wikimedia.org/wikipedia/commons/thumb/f/f6/Christian_Danner_1995_Deutsche_Tourenwagen_Meisterschaft%2C_Donington_Park.jpg/220px-Christian_Danner_1995_Deutsche_Tourenwagen_Meisterschaft%2C_Donington_Park.jpg
158,upload.wikimedia.org/wikipedia/commons/thumb/8/87/Eddie_Cheever_Jr_2009_Indy_500_Second_Qual_Day.JPG/220px-Eddie_Cheever_Jr_2009_Indy_500_Second_Qual_Day.JPG
159,
160,upload.wikimedia.org/wikipedia/commons/thumb/3/34/Ghinzani_Osella_FA1F_1984_Dallas_F1.jpg/220px-Ghinzani_Osella_FA1F_1984_Dallas_F1.jpg
161,
162,
163,upload.wikimedia.org/wikipedia/commons/thumb/6/6f/Rene_Arnoux_WSR2008_HU.png/220px-Rene_Arnoux_WSR2008_HU.png
164,upload.wikimedia.org/wikipedia/commons/thumb/b/b5/Joachim_Winkelhock.jpg/220px-Joachim_Winkelhock.jpg
165,upload.wikimedia.org/wikipedia/commons/thumb/7/71/Oscar_Larrauri_1988_Canada.jpg/220px-Oscar_Larrauri_1988_Canada.jpg
166,
167,
168,upload.wikimedia.org/wikipedia/commons/thumb/4/4e/Jean-Louis_Schlesser%2C_2013.JPG/220px-Jean-Louis_Schlesser%2C_2013.JPG
169,
170,upload.wikimedia.org/wikipedia/commons/thumb/7/76/1985_European_GP_Teo_Fabi.jpg/220px-1985_European_GP_Teo_Fabi.jpg
171,
172,upload.wikimedia.org/wikipedia/commons/thumb/d/d3/Jacques_Laffite_2015.jpg/220px-Jacques_Laffite_2015.jpg
173,
174,
175,upload.wikimedia.org/wikipedia/commons/thumb/a/af/Pensive_Patrick_%28Tambay%29.jpg/220px-Pensive_Patrick_%28Tambay%29.jpg
176,upload.wikimedia.org/wikipedia/commons/thumb/3/3e/Marc_Surer_1982.jpg/220px-Marc_Surer_1982.jpg
177,upload.wikimedia.org/wikipedia/commons/thumb/f/f9/Anefo_932-2378_Keke_Rosberg%2C_Zandvoort%2C_03-07-1982.jpg/220px-Anefo_932-2378_Keke_Rosberg%2C_Zandvoort%2C_03-07-1982.jpg
178,upload.wikimedia.org/wikipedia/commons/thumb/7/78/Alan_Jones_1980.jpg/220px-Alan_Jones_1980.jpg
179,upload.wikimedia.org/wikipedia/commons/thumb/7/72/Huub_Rothengatter_in_1977.jpg/220px-Huub_Rothengatter_in_1977.jpg
180,
181,upload.wikimedia.org/wikipedia/commons/thumb/d/dd/WinkelhockM1985.jpg/220px-WinkelhockM1985.jpg
182,upload.wikimedia.org/wikipedia/commons/thumb/2/2d/Lauda_at_1982_Dutch_Grand_Prix.jpg/220px-Lauda_at_1982_Dutch_Grand_Prix.jpg
183,
184,upload.wikimedia.org/wikipedia/commons/thumb/8/80/Mauro_Baldi_1982.jpg/220px-Mauro_Baldi_1982.jpg
185,upload.wikimedia.org/wikipedia/commons/thumb/1/16/Bellof_Tyrrell_012_1984_Dallas_F1.jpg/220px-Bellof_Tyrrell_012_1984_Dallas_F1.jpg
186,
187,upload.wikimedia.org/wikipedia/commons/thumb/4/4e/Watson_at_1982_Dutch_Grand_Prix.jpg/220px-Watson_at_1982_Dutch_Grand_Prix.jpg
188,upload.wikimedia.org/wikipedia/commons/thumb/4/44/Johnny_Cecotto_%281978%29.jpg/220px-Johnny_Cecotto_%281978%29.jpg
189,
190,upload.wikimedia.org/wikipedia/commons/thumb/d/d8/Corrado_Fabi_Brabham_BT53_1984_Dallas_F1.jpg/220px-Corrado_Fabi_Brabham_BT53_1984_Dallas_F1.jpg
191,
192,upload.wikimedia.org/wikipedia/commons/thumb/c/c0/Chico_Serra_2007_Mil_Milhas_Brasil.jpg/220px-Chico_Serra_2007_Mil_Milhas_Brasil.jpg
193,upload.wikimedia.org/wikipedia/commons/thumb/1/18/DannySullivanAt2015indy500.JPG/220px-DannySullivanAt2015indy500.JPG
194,upload.wikimedia.org/wikipedia/commons/thumb/d/d7/Eliseo_Salazar_%281982%29.jpg/220px-Eliseo_Salazar_%281982%29.jpg
195,upload.wikimedia.org/wikipedia/commons/thumb/3/36/Roberto_Guerrero_2010_Indy_500_Practice_Day_7.JPG/220px-Roberto_Guerrero_2010_Indy_500_Practice_Day_7.JPG
196,upload.wikimedia.org/wikipedia/commons/thumb/9/98/Raul_Boesel_2007_Mil_Milhas_Brasil.jpg/220px-Raul_Boesel_2007_Mil_Milhas_Brasil.jpg
197,upload.wikimedia.org/wikipedia/commons/thumb/7/7e/Jean-Pierre_Jarier_en_1976.jpg/220px-Jean-Pierre_Jarier_en_1976.jpg
198,
199,upload.wikimedia.org/wikipedia/commons/thumb/3/3a/Reutemann_1981.jpg/200px-Reutemann_1981.jpg
200,upload.wikimedia.org/wikipedia/commons/thumb/3/34/Mass_at_1982_Dutch_Grand_Prix.jpg/220px-Mass_at_1982_Dutch_Grand_Prix.jpg
201,
202,upload.wikimedia.org/wikipedia/commons/thumb/8/86/Pironi_celebrating_at_1982_Dutch_Grand_Prix_%28cropped%29.jpg/220px-Pironi_celebrating_at_1982_Dutch_Grand_Prix_%28cropped%29.jpg
203,upload.wikimedia.org/wikipedia/commons/thumb/9/98/Gilles_Villeneuve_1979_Imola.jpg/220px-Gilles_Villeneuve_1979_Imola.jpg
204,upload.wikimedia.org/wikipedia/en/thumb/8/81/RiccardoPaletti.jpg/200px-RiccardoPaletti.jpg
205,
206,upload.wikimedia.org/wikipedia/commons/thumb/8/82/Derek_Daly_1982.jpg/220px-Derek_Daly_1982.jpg
207,upload.wikimedia.org/wikipedia/commons/thumb/4/42/Mario_Andretti_may_26_2017_Indianapolis_500_usa.jpg/220px-Mario_Andretti_may_26_2017_Indianapolis_500_usa.jpg
208,
209,
210,
211,
212,upload.wikimedia.org/wikipedia/commons/thumb/b/b5/Hector_Rebaque_Lotus_78.jpg/250px-Hector_Rebaque_Lotus_78.jpg
213,upload.wikimedia.org/wikipedia/commons/9/9f/Beppe_Gabbiani_crop.jpg
214,
215,
216,
217,upload.wikimedia.org/wikipedia/commons/thumb/0/02/1980_Argentine_Grand_Prix_Zunino.jpg/220px-1980_Argentine_Grand_Prix_Zunino.jpg
218,
219,upload.wikimedia.org/wikipedia/commons/thumb/e/ed/Festival_automobile_international_2012_-_Photocall_-_Jean-Pierre_Jabouille_-_010.jpg/220px-Festival_automobile_international_2012_-_Photocall_-_Jean-Pierre_Jabouille_-_010.jpg
220,
221,upload.wikimedia.org/wikipedia/commons/thumb/4/4e/PatrickDepailler-ar.jpg/220px-PatrickDepailler-ar.jpg
222,upload.wikimedia.org/wikipedia/commons/thumb/d/dc/Jody_Scheckter_during_the_1979_Monaco_Grand_Prix.jpg/220px-Jody_Scheckter_during_the_1979_Monaco_Grand_Prix.jpg
223,upload.wikimedia.org/wikipedia/commons/thumb/9/99/Regazzoni%2C_Clay_im_Ferrari_312_P_am_29.05.1971.jpg/220px-Regazzoni%2C_Clay_im_Ferrari_312_P_am_29.05.1971.jpg
224,upload.wikimedia.org/wikipedia/commons/thumb/7/71/Emerson_Fittipaldi.jpg/220px-Emerson_Fittipaldi.jpg
225,
226,
227,upload.wikimedia.org/wikipedia/commons/thumb/8/8e/TiffNeedell.jpg/220px-TiffNeedell.jpg
228,
229,upload.wikimedia.org/wikipedia/commons/0/06/HaraldErtl1977.jpg
230,upload.wikimedia.org/wikipedia/commons/thumb/7/75/Vittorio_Brambilla.jpg/220px-Vittorio_Brambilla.jpg
231,upload.wikimedia.org/wikipedia/commons/thumb/2/2c/James_Hunt_-_Dutch_GP_1976_crop_mod.jpg/220px-James_Hunt_-_Dutch_GP_1976_crop_mod.jpg
232,upload.wikimedia.org/wikipedia/commons/thumb/d/dc/Arturo_Merzario_-_Giro_Automobilistico_d%27Italia_1980.jpg/220px-Arturo_Merzario_-_Giro_Automobilistico_d%27Italia_1980.jpg
233,upload.wikimedia.org/wikipedia/commons/thumb/c/cf/HansJoachimStuck2008.jpg/220px-HansJoachimStuck2008.jpg
234,
235,upload.wikimedia.org/wikipedia/commons/thumb/1/19/Jacky_Ickx_Portr%C3%A4t_Mille_Miglia_2018.jpg/220px-Jacky_Ickx_Portr%C3%A4t_Mille_Miglia_2018.jpg
236,
237,upload.wikimedia.org/wikipedia/commons/thumb/2/2d/1977_Argentine_Grand_Prix_Ribeiro.jpg/220px-1977_Argentine_Grand_Prix_Ribeiro.jpg
238,upload.wikimedia.org/wikipedia/commons/thumb/e/e2/Peterson_at_1978_Dutch_Grand_Prix.jpg/220px-Peterson_at_1978_Dutch_Grand_Prix.jpg
239,
240,upload.wikimedia.org/wikipedia/commons/thumb/f/f5/Ongais%2C_Danny_%281984%29.jpg/150px-Ongais%2C_Danny_%281984%29.jpg
241,
242,
243,upload.wikimedia.org/wikipedia/commons/thumb/c/c4/Stommelen%2C_Rolf_am_1972-07-07.jpg/220px-Stommelen%2C_Rolf_am_1972-07-07.jpg
244,
245,upload.wikimedia.org/wikipedia/commons/thumb/0/06/Tony_Trimmer_1975_RoC.jpg/220px-Tony_Trimmer_1975_RoC.jpg
246,upload.wikimedia.org/wikipedia/commons/thumb/f/f4/1977_Argentine_Grand_Prix_Binder.jpg/220px-1977_Argentine_Grand_Prix_Binder.jpg
247,upload.wikimedia.org/wikipedia/commons/thumb/a/a0/Michael_Bleekemolen_2011.jpg/220px-Michael_Bleekemolen_2011.jpg
248,
249,upload.wikimedia.org/wikipedia/commons/thumb/2/2f/Bobby_Rahal_at_the_Barber_Legends_of_Motorsport_2010.jpg/220px-Bobby_Rahal_at_the_Barber_Legends_of_Motorsport_2010.jpg
250,upload.wikimedia.org/wikipedia/commons/thumb/d/d1/Carlos_Pace_74_%28cropped%29.jpg/220px-Carlos_Pace_74_%28cropped%29.jpg
251,upload.wikimedia.org/wikipedia/commons/thumb/8/85/1977_Argentine_Grand_Prix_Ian_Scheckter.jpg/220px-1977_Argentine_Grand_Prix_Ian_Scheckter.jpg
252,upload.wikimedia.org/wikipedia/en/thumb/d/da/TomPryce_BrandsHatch.jpg/220px-TomPryce_BrandsHatch.jpg
253,upload.wikimedia.org/wikipedia/commons/thumb/b/b3/Ingo_Hoffmann_2007_Curitiba.jpg/220px-Ingo_Hoffmann_2007_Curitiba.jpg
254,
255,upload.wikimedia.org/wikipedia/commons/thumb/7/72/1976-07-10_Gunnar_Nilsson_im_BMW_CSL.jpg/220px-1976-07-10_Gunnar_Nilsson_im_BMW_CSL.jpg
256,upload.wikimedia.org/wikipedia/commons/thumb/8/83/Cowangie_-_Hometown_of_Larry_Perkins.jpg/220px-Cowangie_-_Hometown_of_Larry_Perkins.jpg
257,
258,
259,upload.wikimedia.org/wikipedia/commons/thumb/3/35/David_Purley_Memorial.jpg/220px-David_Purley_Memorial.jpg
260,
261,
262,upload.wikimedia.org/wikipedia/commons/thumb/f/f5/Jackie_Oliver_1969_kl.JPG/220px-Jackie_Oliver_1969_kl.JPG
263,
264,
265,
266,
267,upload.wikimedia.org/wikipedia/commons/thumb/c/c5/Hall_of_fame_Le_Mans-Schuppan.JPG/220px-Hall_of_fame_Le_Mans-Schuppan.JPG
268,upload.wikimedia.org/wikipedia/commons/thumb/9/94/HansHeyerLate1970s.jpg/220px-HansHeyerLate1970s.jpg
269,upload.wikimedia.org/wikipedia/commons/thumb/2/23/TeddyPilette1975.jpg/150px-TeddyPilette1975.jpg
270,upload.wikimedia.org/wikipedia/commons/thumb/7/7b/Ian_Ashley.jpg/250px-Ian_Ashley.jpg
271,upload.wikimedia.org/wikipedia/commons/thumb/0/03/1976_BRDC_International_Trophy%2C_Loris_Kessel.jpg/220px-1976_BRDC_International_Trophy%2C_Loris_Kessel.jpg
272,upload.wikimedia.org/wikipedia/commons/thumb/0/00/Jim_Redman%2C_Luigi_Taveri%2C_Kunimitsi_Takahashi_%281963%29.jpg/220px-Jim_Redman%2C_Luigi_Taveri%2C_Kunimitsi_Takahashi_%281963%29.jpg
273,upload.wikimedia.org/wikipedia/commons/thumb/6/6b/Kazuyoshi_Hoshino_2010_Formula_Nippon_Motegi_%28May%29.jpg/220px-Kazuyoshi_Hoshino_2010_Formula_Nippon_Motegi_%28May%29.jpg
274,
275,upload.wikimedia.org/wikipedia/commons/thumb/4/42/Lombardi_at_1975_Dutch_Grand_Prix.jpg/220px-Lombardi_at_1975_Dutch_Grand_Prix.jpg
276,
277,
278,upload.wikimedia.org/wikipedia/commons/thumb/7/7b/AmonChris19730706.jpg/220px-AmonChris19730706.jpg
279,
280,upload.wikimedia.org/wikipedia/commons/thumb/3/30/PescaroloHenry1973N%C3%BCrb.jpg/220px-PescaroloHenry1973N%C3%BCrb.jpg
281,
282,
283,upload.wikimedia.org/wikipedia/commons/thumb/f/f4/Racing_driver_Mike_Wilds.jpg/220px-Racing_driver_Mike_Wilds.jpg
284,
285,
286,
287,
288,upload.wikimedia.org/wikipedia/commons/thumb/a/a0/Mark_Donohue_JPGP_S_75.jpg/230px-Mark_Donohue_JPGP_S_75.jpg
289,upload.wikimedia.org/wikipedia/commons/thumb/8/85/Graham_Hill%2C_Bestanddeelnr_924-6564.jpg/220px-Graham_Hill%2C_Bestanddeelnr_924-6564.jpg
290,upload.wikimedia.org/wikipedia/commons/thumb/c/c9/Wilson_Fittipaldi_2007.jpg/220px-Wilson_Fittipaldi_2007.jpg
291,
292,
293,
294,
295,upload.wikimedia.org/wikipedia/commons/thumb/b/b4/Roelof_Wunderink_%281972%29.jpg/220px-Roelof_Wunderink_%281972%29.jpg
296,upload.wikimedia.org/wikipedia/en/thumb/2/23/Fran%C3%A7ois_Migault.jpg/220px-Fran%C3%A7ois_Migault.jpg
297,
298,
299,
300,upload.wikimedia.org/wikipedia/en/thumb/a/ab/John_Nicholson_%28racing_driver%29.jpg/220px-John_Nicholson_%28racing_driver%29.jpg
301,
302,upload.wikimedia.org/wikipedia/commons/thumb/2/2c/JimCrawford1988Indy500.JPG/220px-JimCrawford1988Indy500.JPG
303,
304,upload.wikimedia.org/wikipedia/commons/thumb/0/00/HulmeDenis196508.jpg/220px-HulmeDenis196508.jpg
305,upload.wikimedia.org/wikipedia/commons/thumb/f/f0/Mike_Hailwood.jpg/220px-Mike_Hailwood.jpg
306,upload.wikimedia.org/wikipedia/commons/thumb/f/f1/Jean_Pierre_Beltoise_te_Zandvoort_1968.jpg/220px-Jean_Pierre_Beltoise_te_Zandvoort_1968.jpg
307,upload.wikimedia.org/wikipedia/commons/thumb/b/b6/HowdenGanleyNZFMR2015.jpg/220px-HowdenGanleyNZFMR2015.jpg
308,
309,upload.wikimedia.org/wikipedia/commons/thumb/c/c1/Peter_Revson_1973_N%C3%BCrburgring_a.jpg/220px-Peter_Revson_1973_N%C3%BCrburgring_a.jpg
310,
311,
312,upload.wikimedia.org/wikipedia/commons/thumb/0/01/Brian_Redman_1969_kl.JPG/220px-Brian_Redman_1969_kl.JPG
313,
314,upload.wikimedia.org/wikipedia/commons/thumb/0/07/Tim_Schenken_1971_Hockenheim.JPG/220px-Tim_Schenken_1971_Hockenheim.JPG
315,upload.wikimedia.org/wikipedia/commons/e/ed/GerardLarrousse1975.jpg
316,upload.wikimedia.org/wikipedia/commons/thumb/1/10/Leo_Kinnunen_1966.jpg/220px-Leo_Kinnunen_1966.jpg
317,upload.wikimedia.org/wikipedia/commons/thumb/d/d1/Reine_Wisell_1970_N%C3%BCrburgring.JPG/220px-Reine_Wisell_1970_N%C3%BCrburgring.JPG
318,
319,
320,upload.wikimedia.org/wikipedia/commons/thumb/4/4d/Peter_Gethin%2C_Bestanddeelnr_924-6614.jpg/220px-Peter_Gethin%2C_Bestanddeelnr_924-6614.jpg
321,upload.wikimedia.org/wikipedia/commons/thumb/6/6a/Derek_Bell_%282356476570%29.jpg/220px-Derek_Bell_%282356476570%29.jpg
322,upload.wikimedia.org/wikipedia/commons/thumb/4/4a/David_Hobbs.jpg/220px-David_Hobbs.jpg
323,upload.wikimedia.org/wikipedia/commons/thumb/9/9b/QuesterDieter1973.jpg/220px-QuesterDieter1973.jpg
324,upload.wikimedia.org/wikipedia/en/5/50/Helmuth_Koinigg.jpg
325,upload.wikimedia.org/wikipedia/commons/thumb/a/a3/Carlo_Facetti_-_1975_-_Lancia_Marlboro.jpg/220px-Carlo_Facetti_-_1975_-_Lancia_Marlboro.jpg
326,
327,upload.wikimedia.org/wikipedia/commons/thumb/d/d4/Francois_Cevert_1973.jpg/220px-Francois_Cevert_1973.jpg
328,upload.wikimedia.org/wikipedia/commons/thumb/4/4b/Jackie_Stewart_at_the_2014_WEC_Silverstone_round.jpg/220px-Jackie_Stewart_at_the_2014_WEC_Silverstone_round.jpg
329,upload.wikimedia.org/wikipedia/commons/thumb/4/40/1972_French_Grand_Prix_Beuttler_%285225615113%29.jpg/220px-1972_French_Grand_Prix_Beuttler_%285225615113%29.jpg
330,upload.wikimedia.org/wikipedia/commons/thumb/1/17/Nanni_Galli%2C_Alfa_Romeo_33.3%2C_1971-05-29.jpg/220px-Nanni_Galli%2C_Alfa_Romeo_33.3%2C_1971-05-29.jpg
331,
332,upload.wikimedia.org/wikipedia/commons/thumb/3/34/George_Follmer_1973.jpg/250px-George_Follmer_1973.jpg
333,
334,
335,
336,upload.wikimedia.org/wikipedia/commons/thumb/3/32/McRae-Chevrolet_GM1_-_Flickr_-_exfordy.jpg/220px-McRae-Chevrolet_GM1_-_Flickr_-_exfordy.jpg
337,upload.wikimedia.org/wikipedia/commons/thumb/3/38/Helmut_Marko_Austrian_GP_2016_%28cropped%29.jpg/220px-Helmut_Marko_Austrian_GP_2016_%28cropped%29.jpg
338,upload.wikimedia.org/wikipedia/commons/thumb/e/e4/David_Walker_1971_Lotus_56_B_Pratt_Whitney.jpg/250px-David_Walker_1971_Lotus_56_B_Pratt_Whitney.jpg
339,upload.wikimedia.org/wikipedia/commons/thumb/0/07/Alex_Soler-Roig%2C_Spain_1931.jpg/220px-Alex_Soler-Roig%2C_Spain_1931.jpg
340,upload.wikimedia.org/wikipedia/commons/thumb/b/b6/John_Love_Surtees_TS9_2019_Silverstone_Classic_%2848557776041%29.jpg/220px-John_Love_Surtees_TS9_2019_Silverstone_Classic_%2848557776041%29.jpg
341,upload.wikimedia.org/wikipedia/commons/thumb/c/c3/John_Surtees.JPG/220px-John_Surtees.JPG
342,
343,upload.wikimedia.org/wikipedia/commons/thumb/0/01/Bill_Brack_Formula_Atlantic_EIS_1975.jpg/220px-Bill_Brack_Formula_Atlantic_EIS_1975.jpg
344,upload.wikimedia.org/wikipedia/commons/thumb/a/a6/Surtees_TS9B_Sam_Posey%60_Goodwood_2008.jpg/220px-Surtees_TS9B_Sam_Posey%60_Goodwood_2008.jpg
345,
346,upload.wikimedia.org/wikipedia/commons/thumb/7/7e/Siffert%2C_Joseph_1968.jpg/220px-Siffert%2C_Joseph_1968.jpg
347,upload.wikimedia.org/wikipedia/commons/thumb/f/f9/BonnierJo196608.jpg/220px-BonnierJo196608.jpg
348,
349,
350,upload.wikimedia.org/wikipedia/commons/thumb/2/2a/Vic_Elford_Watkins_Glen_2010.jpg/220px-Vic_Elford_Watkins_Glen_2010.jpg
351,upload.wikimedia.org/wikipedia/commons/thumb/1/17/SilvioMoser.jpg/220px-SilvioMoser.jpg
352,
353,
354,
355,
356,upload.wikimedia.org/wikipedia/commons/thumb/e/e7/BrabhamJack1966B.jpg/220px-BrabhamJack1966B.jpg
357,upload.wikimedia.org/wikipedia/commons/thumb/3/39/John_Miles_1970_N%C3%BCrburgring.jpg/220px-John_Miles_1970_N%C3%BCrburgring.jpg
358,upload.wikimedia.org/wikipedia/commons/thumb/c/cb/Rindt_at_1970_Dutch_Grand_Prix_%282C%29.jpg/250px-Rindt_at_1970_Dutch_Grand_Prix_%282C%29.jpg
359,
360,upload.wikimedia.org/wikipedia/commons/thumb/a/a0/McLarenBruce.jpg/220px-McLarenBruce.jpg
361,upload.wikimedia.org/wikipedia/commons/thumb/3/32/Piers_Courage_1968_N%C3%BCrburgring.JPG/220px-Piers_Courage_1968_N%C3%BCrburgring.JPG
362,
363,
364,upload.wikimedia.org/wikipedia/commons/thumb/b/b8/Dan_Gurney_%281970%29.jpg/220px-Dan_Gurney_%281970%29.jpg
365,upload.wikimedia.org/wikipedia/commons/thumb/a/ae/Hahne%2C_Hubert_-_1968.jpg/220px-Hahne%2C_Hubert_-_1968.jpg
366,
367,upload.wikimedia.org/wikipedia/commons/thumb/9/98/Peter_Westbury_1970_N%C3%BCrburgring.JPG/220px-Peter_Westbury_1970_N%C3%BCrburgring.JPG
368,upload.wikimedia.org/wikipedia/commons/thumb/b/ba/1965_Sam_Tingle_Formula_1_LDS_Race_Car-1_%2829891690293%29.jpg/220px-1965_Sam_Tingle_Formula_1_LDS_Race_Car-1_%2829891690293%29.jpg
369,
370,upload.wikimedia.org/wikipedia/commons/thumb/4/4f/Richard_Attwood_1968_kl.JPG/220px-Richard_Attwood_1968_kl.JPG
371,
372,
373,upload.wikimedia.org/wikipedia/commons/thumb/0/02/Jim_Clark_1965.jpg/220px-Jim_Clark_1965.jpg
374,upload.wikimedia.org/wikipedia/commons/thumb/2/2d/Chaparral_2F_-_Mike_Spence_-_1967.jpg/220px-Chaparral_2F_-_Mike_Spence_-_1967.jpg
375,upload.wikimedia.org/wikipedia/commons/thumb/b/b7/Ludivico_Scarfiotti_1966_N%C3%BCrburgring.jpg/220px-Ludivico_Scarfiotti_1966_N%C3%BCrburgring.jpg
376,
377,upload.wikimedia.org/wikipedia/en/8/84/Schlesser.jpg
378,upload.wikimedia.org/wikipedia/commons/thumb/7/76/Robin_Widdows_1970_N%C3%BCrburgring.JPG/220px-Robin_Widdows_1970_N%C3%BCrburgring.JPG
379,upload.wikimedia.org/wikipedia/commons/thumb/a/a6/Ahrens%2C_Kurt_-_Brabham_26.04.1969.jpg/220px-Ahrens%2C_Kurt_-_Brabham_26.04.1969.jpg
380,upload.wikimedia.org/wikipedia/commons/thumb/9/92/Frank_Gardner_Lola_T300_Brands_Hatch.jpg/220px-Frank_Gardner_Lola_T300_Brands_Hatch.jpg
381,upload.wikimedia.org/wikipedia/commons/thumb/8/83/Bobby_Unser_-_2015_Indianapolis_500_-_Stierch.jpg/220px-Bobby_Unser_-_2015_Indianapolis_500_-_Stierch.jpg
382,
383,upload.wikimedia.org/wikipedia/en/c/ce/Bob_Anderson_%28racing_driver%29.jpg
384,
385,upload.wikimedia.org/wikipedia/commons/thumb/d/d8/Bandini1966cropped.jpg/220px-Bandini1966cropped.jpg
386,upload.wikimedia.org/wikipedia/commons/thumb/5/5b/Richie_Ginther_1966_N%C3%BCrburgring.jpg/220px-Richie_Ginther_1966_N%C3%BCrburgring.jpg
387,upload.wikimedia.org/wikipedia/commons/thumb/8/86/Mike_Parkes_1969_kl.JPG/220px-Mike_Parkes_1969_kl.JPG
388,upload.wikimedia.org/wikipedia/commons/thumb/6/65/Chris_Irwin_1968.JPG/220px-Chris_Irwin_1968.JPG
389,upload.wikimedia.org/wikipedia/en/thumb/6/60/Guy_Ligier.jpg/220px-Guy_Ligier.jpg
390,
391,
392,
393,
394,upload.wikimedia.org/wikipedia/commons/thumb/2/21/Giancarlo_Baghetti_a_Monza_-_1962.jpg/220px-Giancarlo_Baghetti_a_Monza_-_1962.jpg
395,upload.wikimedia.org/wikipedia/commons/thumb/5/51/Jonathan_Williams_1966.jpg/220px-Jonathan_Williams_1966.jpg
396,
397,upload.wikimedia.org/wikipedia/commons/thumb/e/e3/Peter_Arundell_1968_kl.JPG/220px-Peter_Arundell_1968_kl.JPG
398,
399,upload.wikimedia.org/wikipedia/commons/thumb/2/28/John_Taylor_1966.jpg/220px-John_Taylor_1966.jpg
400,
401,
402,upload.wikimedia.org/wikipedia/commons/thumb/7/79/Giacomo_Russo_1966.jpg/220px-Giacomo_Russo_1966.jpg
403,upload.wikimedia.org/wikipedia/commons/thumb/0/03/Phil_Hill_%2B_Jackie_Stewart_1991_USA_%28cropped%29.jpg/220px-Phil_Hill_%2B_Jackie_Stewart_1991_USA_%28cropped%29.jpg
404,upload.wikimedia.org/wikipedia/commons/thumb/8/8c/Innes_Ireland.jpg/220px-Innes_Ireland.jpg
405,upload.wikimedia.org/wikipedia/commons/thumb/2/2b/Ron_Bucknum_met_zijn_Honda_%281964%29.jpg/220px-Ron_Bucknum_met_zijn_Honda_%281964%29.jpg
406,upload.wikimedia.org/wikipedia/commons/thumb/7/79/Hawkins%2C_Paul_1966.jpg/220px-Hawkins%2C_Paul_1966.jpg
407,
408,
409,
410,
411,
412,
413,
414,
415,
416,
417,
418,upload.wikimedia.org/wikipedia/commons/thumb/2/2c/GregoryMasten1965.jpg/220px-GregoryMasten1965.jpg
419,
420,
421,
422,
423,upload.wikimedia.org/wikipedia/commons/thumb/9/91/MitterGerhard1968.jpg/220px-MitterGerhard1968.jpg
424,upload.wikimedia.org/wikipedia/commons/thumb/d/da/1965-05-09_Targa_Florio_Collesano_Alfa_Romeo_Giulia_TZ2_750112_Bussinello%2BTodaro.jpg/220px-1965-05-09_Targa_Florio_Collesano_Alfa_Romeo_Giulia_TZ2_750112_Bussinello%2BTodaro.jpg
425,upload.wikimedia.org/wikipedia/commons/thumb/b/be/Vaccarella%2C_Nino_1972-07-07.jpg/220px-Vaccarella%2C_Nino_1972-07-07.jpg
426,
427,
428,
429,
430,
431,upload.wikimedia.org/wikipedia/commons/thumb/3/3d/Edgar_Barth_podium_Nurburgring_1957.jpg/220px-Edgar_Barth_podium_Nurburgring_1957.jpg
432,
433,
434,
435,upload.wikimedia.org/wikipedia/commons/thumb/4/48/Willy_Mairesse.jpg/220px-Willy_Mairesse.jpg
436,
437,
438,
439,
440,upload.wikimedia.org/wikipedia/commons/3/37/Jim_Hall_%28racer%29.jpg
441,
442,
443,
444,
445,
446,
447,
448,
449,upload.wikimedia.org/wikipedia/en/thumb/4/48/Rodger_Ward.jpg/220px-Rodger_Ward.jpg
450,
451,
452,
842,upload.wikimedia.org/wikipedia/commons/thumb/9/9d/2019_Formula_One_tests_Barcelona%2C_Gasly_%2847200027932%29.jpg/220px-2019_Formula_One_tests_Barcelona%2C_Gasly_%2847200027932%29.jpg
453,upload.wikimedia.org/wikipedia/commons/thumb/3/37/Photograph_of_Jackie_Lewis_in_1961.jpg/220px-Photograph_of_Jackie_Lewis_in_1961.jpg
454,
455,
456,upload.wikimedia.org/wikipedia/commons/thumb/d/d4/Roy_Salvadori_Le_Mans_1958.jpg/220px-Roy_Salvadori_Le_Mans_1958.jpg
457,upload.wikimedia.org/wikipedia/commons/thumb/6/66/Ben_Pon_%281964%29.jpg/220px-Ben_Pon_%281964%29.jpg
458,upload.wikimedia.org/wikipedia/commons/thumb/0/01/Rob_Slotemaker_1968.jpg/220px-Rob_Slotemaker_1968.jpg
459,
460,
461,
462,
463,
464,
465,
466,
467,
468,upload.wikimedia.org/wikipedia/commons/thumb/7/73/Roger_S._Penske_%282019%29.jpg/220px-Roger_S._Penske_%282019%29.jpg
469,
470,
471,
472,
473,upload.wikimedia.org/wikipedia/commons/thumb/8/8f/Gary_Hocking_%281961%29.jpg/220px-Gary_Hocking_%281961%29.jpg
474,
475,upload.wikimedia.org/wikipedia/commons/thumb/6/64/Stirling_Moss_2014_2_amk.jpg/220px-Stirling_Moss_2014_2_amk.jpg
476,
477,
478,upload.wikimedia.org/wikipedia/commons/thumb/f/fe/HansHerrmann.JPG/220px-HansHerrmann.JPG
479,
480,
481,
482,upload.wikimedia.org/wikipedia/commons/thumb/f/fa/1960s_Gendebien_e_Bizzarrini.jpg/220px-1960s_Gendebien_e_Bizzarrini.jpg
483,
484,
485,upload.wikimedia.org/wikipedia/commons/thumb/7/7f/Bordeu_-_El_Gr%C3%A1fico_2444.jpg/220px-Bordeu_-_El_Gr%C3%A1fico_2444.jpg
486,
487,upload.wikimedia.org/wikipedia/en/thumb/3/3d/Massimo_Natili.jpg/220px-Massimo_Natili.jpg
488,upload.wikimedia.org/wikipedia/commons/thumb/f/f3/Peter_Monteverdi-1.jpg/220px-Peter_Monteverdi-1.jpg
489,
490,upload.wikimedia.org/wikipedia/commons/thumb/d/d4/Geoff_Duke_%281951%29.jpg/220px-Geoff_Duke_%281951%29.jpg
491,
492,
493,
494,
495,upload.wikimedia.org/wikipedia/en/thumb/4/4c/Kenneth_Henry_Miles.jpg/220px-Kenneth_Henry_Miles.jpg
496,upload.wikimedia.org/wikipedia/commons/thumb/3/3f/Carlos_Menditeguy_-_El_Gr%C3%A1fico_1805.jpg/220px-Carlos_Menditeguy_-_El_Gr%C3%A1fico_1805.jpg
497,upload.wikimedia.org/wikipedia/commons/thumb/d/dd/Jorge_Rodr%C3%ADguez_Larreta_-_El_Gr%C3%A1fico_2001.jpg/220px-Jorge_Rodr%C3%ADguez_Larreta_-_El_Gr%C3%A1fico_2001.jpg
498,
499,upload.wikimedia.org/wikipedia/commons/thumb/7/78/Roberto_Bonomi_-_El_Gr%C3%A1fico_1751.jpg/220px-Roberto_Bonomi_-_El_Gr%C3%A1fico_1751.jpg
500,
501,
502,upload.wikimedia.org/wikipedia/commons/3/39/Alan_Stacey_1960.jpg
503,
504,
505,upload.wikimedia.org/wikipedia/en/2/2a/Chris_Bristow.gif
506,
507,
508,upload.wikimedia.org/wikipedia/commons/thumb/2/21/Lance_Reventlow_and_actress_Cheryl_Holdridge_wedding_portrait%2C_Calif.%2C_1964.jpg/220px-Lance_Reventlow_and_actress_Cheryl_Holdridge_wedding_portrait%2C_Calif.%2C_1964.jpg
509,
510,
511,
512,
513,
514,
515,
516,
517,
518,
519,
520,
521,upload.wikimedia.org/wikipedia/commons/thumb/7/72/Chuck_Stevenson_1952cr.jpg/240px-Chuck_Stevenson_1952cr.jpg
522,
523,
524,upload.wikimedia.org/wikipedia/commons/thumb/3/39/Jim_Hurtubise.jpg/220px-Jim_Hurtubise.jpg
525,upload.wikimedia.org/wikipedia/commons/thumb/a/ab/Phoenix-Greenwood_Memory_Lawn_Cemetery-James_Ernest_Bryan.jpg/250px-Phoenix-Greenwood_Memory_Lawn_Cemetery-James_Ernest_Bryan.jpg
526,
527,
528,
529,
530,
531,upload.wikimedia.org/wikipedia/commons/thumb/6/62/AJ_Foyt_at_Foyt_Wine_Vault_-_2015_-_Sarah_Stierch_2.jpg/220px-AJ_Foyt_at_Foyt_Wine_Vault_-_2015_-_Sarah_Stierch_2.jpg
532,
533,
534,
535,
536,
537,
538,
539,
540,
541,
542,
543,upload.wikimedia.org/wikipedia/commons/thumb/d/d7/Giulio_Cabianca_in_an_OSCA_%28cropped%29.jpg/220px-Giulio_Cabianca_in_an_OSCA_%28cropped%29.jpg
544,
545,upload.wikimedia.org/wikipedia/commons/thumb/2/28/Fred_Gamble_-_1960_Sebring_12_Hours.png/220px-Fred_Gamble_-_1960_Sebring_12_Hours.png
546,
547,
548,
549,
550,
551,
552,
553,
554,
555,
556,
557,
558,
559,upload.wikimedia.org/wikipedia/en/thumb/7/7e/PatFlaherty%28racingdriver%29Image.jpg/220px-PatFlaherty%28racingdriver%29Image.jpg
560,
561,
562,upload.wikimedia.org/wikipedia/commons/thumb/6/6a/1954_AAA_National_Midget_Trophy_Jack_Turner.jpg/220px-1954_AAA_National_Midget_Trophy_Jack_Turner.jpg
563,
564,
565,
566,upload.wikimedia.org/wikipedia/commons/1/13/CarrollShelbyVIR2007.jpg
567,
568,
569,
570,
571,
572,
573,
574,
575,
576,
577,upload.wikimedia.org/wikipedia/commons/8/8b/Luigi_Musso.jpg
578,upload.wikimedia.org/wikipedia/en/thumb/9/99/Mike_Hawthorn.jpg/220px-Mike_Hawthorn.jpg
579,upload.wikimedia.org/wikipedia/commons/thumb/8/8c/Fangio.png/220px-Fangio.png
580,
581,upload.wikimedia.org/wikipedia/en/thumb/5/5e/Peter_Collins_car_racer.jpg/220px-Peter_Collins_car_racer.jpg
582,upload.wikimedia.org/wikipedia/commons/thumb/5/55/Ken_Kavanagh_1.jpg/220px-Ken_Kavanagh_1.jpg
583,
584,
585,
586,
587,upload.wikimedia.org/wikipedia/commons/thumb/0/08/Michael_Schumacher_Bernie_Ecclestone_September_1991.jpg/220px-Michael_Schumacher_Bernie_Ecclestone_September_1991.jpg
588,upload.wikimedia.org/wikipedia/commons/thumb/1/1d/1956-04-29_Mille_Miglia_Ravenna_Maserati_A6G-2000_2124_Taramazzo.jpg/220px-1956-04-29_Mille_Miglia_Ravenna_Maserati_A6G-2000_2124_Taramazzo.jpg
589,upload.wikimedia.org/wikipedia/commons/thumb/8/8b/Louis_Chiron_1931.jpg/245px-Louis_Chiron_1931.jpg
590,
591,upload.wikimedia.org/wikipedia/en/0/0d/George_Amick.jpg
592,
593,
594,
595,
596,
597,
598,
599,
600,
601,
602,
603,
604,
605,
606,
607,
608,
609,
610,
611,
612,
613,
614,
615,
616,
617,
618,
619,
620,upload.wikimedia.org/wikipedia/commons/thumb/4/41/Umberto_Maglioli.jpg/220px-Umberto_Maglioli.jpg
621,
622,
623,
624,
625,
626,
627,upload.wikimedia.org/wikipedia/en/thumb/7/7e/Louis_Rosier.jpg/220px-Louis_Rosier.jpg
628,
629,
630,
631,
632,
633,upload.wikimedia.org/wikipedia/commons/thumb/d/dd/Luis_Villoresi_-_El_Gr%C3%A1fico_1442.jpg/220px-Luis_Villoresi_-_El_Gr%C3%A1fico_1442.jpg
634,
635,upload.wikimedia.org/wikipedia/commons/thumb/f/f0/Colin_Chapman_%281965%29.jpg/220px-Colin_Chapman_%281965%29.jpg
636,
637,
638,
639,
640,
641,upload.wikimedia.org/wikipedia/commons/thumb/8/8e/Piero_Taruffi.jpg/220px-Piero_Taruffi.jpg
642,upload.wikimedia.org/wikipedia/commons/thumb/f/fc/NinoFarina.jpg/220px-NinoFarina.jpg
643,upload.wikimedia.org/wikipedia/commons/thumb/2/23/Roberto_Mieres_-_El_Gr%C3%A1fico_1770.jpg/220px-Roberto_Mieres_-_El_Gr%C3%A1fico_1770.jpg
644,
645,upload.wikimedia.org/wikipedia/commons/thumb/f/f3/Clemar_Bucci.jpg/220px-Clemar_Bucci.jpg
646,upload.wikimedia.org/wikipedia/commons/thumb/6/68/Jes%C3%BAs_Ricardo_Iglesias_-_El_Gr%C3%A1fico_1687.jpg/220px-Jes%C3%BAs_Ricardo_Iglesias_-_El_Gr%C3%A1fico_1687.jpg
647,upload.wikimedia.org/wikipedia/commons/thumb/6/69/Ascari_last_photo_in_car.jpg/220px-Ascari_last_photo_in_car.jpg
648,upload.wikimedia.org/wikipedia/commons/thumb/3/3e/KlingK-MB-W196-1976.jpg/220px-KlingK-MB-W196-1976.jpg
649,upload.wikimedia.org/wikipedia/commons/thumb/1/1b/Pablo_Birger_-_El_Gr%C3%A1fico_1706.jpg/220px-Pablo_Birger_-_El_Gr%C3%A1fico_1706.jpg
650,
651,
652,upload.wikimedia.org/wikipedia/commons/thumb/9/91/Ted_Whiteaway.jpg/220px-Ted_Whiteaway.jpg
653,upload.wikimedia.org/wikipedia/commons/thumb/3/3d/Kurtis500B_Jimmy_Davies.jpg/270px-Kurtis500B_Jimmy_Davies.jpg
654,
655,
656,
657,upload.wikimedia.org/wikipedia/en/6/60/Bill_Vukovich_2.jpg
658,
659,
660,
661,
662,
663,upload.wikimedia.org/wikipedia/en/thumb/4/40/Ken_Wharton_Motor_Sport_1953.jpg/220px-Ken_Wharton_Motor_Sport_1953.jpg
664,
665,upload.wikimedia.org/wikipedia/commons/thumb/d/d9/Leslie_Marr_with_painting_2019.jpg/220px-Leslie_Marr_with_painting_2019.jpg
666,upload.wikimedia.org/wikipedia/commons/thumb/b/b3/Autoraces_te_Zandvoort._Tony_Rolt_met_zijn_Alfa_Romeo_onderaan_de_Hunzerug%2C_Bestanddeelnr_902-9012.jpg/220px-Autoraces_te_Zandvoort._Tony_Rolt_met_zijn_Alfa_Romeo_onderaan_de_Hunzerug%2C_Bestanddeelnr_902-9012.jpg
667,upload.wikimedia.org/wikipedia/commons/thumb/f/f3/Fitch_Phoenix%2C_front_right_side%2C_Greenwich_2018.jpg/220px-Fitch_Phoenix%2C_front_right_side%2C_Greenwich_2018.jpg
668,
669,upload.wikimedia.org/wikipedia/commons/thumb/d/dc/Air_cadets_learn_the_basics_of_flight_at_RNAS_St_Merryn_in_Cornwall%2C_February_1944._A22064-croponBirabongse_Bhanudej.jpg/220px-Air_cadets_learn_the_basics_of_flight_at_RNAS_St_Merryn_in_Cornwall%2C_February_1944._A22064-croponBirabongse_Bhanudej.jpg
670,
671,upload.wikimedia.org/wikipedia/commons/thumb/c/c5/Roger_Loyer_sur_Porsche_spyder_550%2C_en_1956.jpg/220px-Roger_Loyer_sur_Porsche_spyder_550%2C_en_1956.jpg
672,
673,
674,
675,
676,
677,
678,
679,
680,upload.wikimedia.org/wikipedia/commons/thumb/5/5f/Jacques_Swaters_1980.jpg/220px-Jacques_Swaters_1980.jpg
681,
682,upload.wikimedia.org/wikipedia/en/d/dc/Don_Beauman.jpg
683,
684,
685,
686,upload.wikimedia.org/wikipedia/commons/thumb/7/75/2019_Goodwood_Revival_Parnell_Challenger_%2849007403408%29.jpg/220px-2019_Goodwood_Revival_Parnell_Challenger_%2849007403408%29.jpg
687,upload.wikimedia.org/wikipedia/commons/thumb/3/38/ERA_of_Peter_Whitehead%2C_1938_AGP.jpg/220px-ERA_of_Peter_Whitehead%2C_1938_AGP.jpg
688,
689,
690,
691,upload.wikimedia.org/wikipedia/commons/thumb/5/57/LangH-MB-W154-1986-08-16.jpg/220px-LangH-MB-W154-1986-08-16.jpg
692,
693,
694,
695,
696,
697,upload.wikimedia.org/wikipedia/en/b/b8/Felice_Bonetto.jpg
698,upload.wikimedia.org/wikipedia/commons/thumb/4/40/Adolfo_Schwelm-Cruz_1952.jpg/200px-Adolfo_Schwelm-Cruz_1952.jpg
699,
700,
701,
702,
703,
704,
705,
706,
707,upload.wikimedia.org/wikipedia/commons/thumb/a/ae/Stewart_Ian_Gordon_Highlanders.jpg/220px-Stewart_Ian_Gordon_Highlanders.jpg
708,
709,
710,
711,
712,
713,
714,
715,
716,
717,
718,
719,
720,
721,
722,upload.wikimedia.org/wikipedia/commons/thumb/f/f8/Piero_Carini.jpeg/220px-Piero_Carini.jpeg
723,
724,
725,
726,
727,
728,
729,
730,
731,
732,
733,
734,upload.wikimedia.org/wikipedia/en/5/5b/Bobby_Ball_%28racing_driver%29.jpg
735,
736,
737,
738,
739,
740,upload.wikimedia.org/wikipedia/en/thumb/3/3a/Franco_Comotti.jpg/220px-Franco_Comotti.jpg
741,
742,upload.wikimedia.org/wikipedia/en/f/f5/Dennis_Poore.JPG
743,upload.wikimedia.org/wikipedia/en/thumb/f/fe/Eric_Thompson_%28racing_driver%29.jpeg/220px-Eric_Thompson_%28racing_driver%29.jpeg
744,
745,
746,
747,
748,
749,upload.wikimedia.org/wikipedia/commons/thumb/b/be/Aston_Butterworth_NB42_at_Crystal_Palace_2015.jpg/220px-Aston_Butterworth_NB42_at_Crystal_Palace_2015.jpg
750,upload.wikimedia.org/wikipedia/commons/thumb/7/79/Adolf_Brudes_im_BMW_328_Mille_Miglia_am_14.08.1976.jpg/220px-Adolf_Brudes_im_BMW_328_Mille_Miglia_am_14.08.1976.jpg
751,
752,
753,
754,
755,
756,upload.wikimedia.org/wikipedia/commons/thumb/d/d8/1938-05-22_Targa_Florio_Maserati_4CM_Pietsch.jpg/220px-1938-05-22_Targa_Florio_Maserati_4CM_Pietsch.jpg
757,
758,
759,upload.wikimedia.org/wikipedia/commons/thumb/a/ac/Jan_Flinterman_in_1966.jpg/220px-Jan_Flinterman_in_1966.jpg
760,upload.wikimedia.org/wikipedia/commons/thumb/2/2d/Taruffi-Dusio-Savonuzzi.jpg/220px-Taruffi-Dusio-Savonuzzi.jpg
761,upload.wikimedia.org/wikipedia/commons/thumb/8/8d/Alberto_Crespo_-_El_Gr%C3%A1fico_1643.jpg/220px-Alberto_Crespo_-_El_Gr%C3%A1fico_1643.jpg
762,
763,upload.wikimedia.org/wikipedia/commons/thumb/e/ee/Consalvo_Sanesi.jpg/220px-Consalvo_Sanesi.jpg
764,
765,
766,
767,
768,
769,
770,
771,
772,
773,
774,upload.wikimedia.org/wikipedia/commons/thumb/7/75/Eug%C3%A8ne_Chaboud%2C_vainqueur_des_24_heures_du_Mans_1938.jpg/220px-Eug%C3%A8ne_Chaboud%2C_vainqueur_des_24_heures_du_Mans_1938.jpg
775,
776,
777,
778,
779,
780,
781,
782,
783,
784,
785,
786,upload.wikimedia.org/wikipedia/commons/thumb/b/b3/Luigi_Fagioli_in_his_Maserati_at_the_1932_Targa_Florio_%28cropped%29.jpg/220px-Luigi_Fagioli_in_his_Maserati_at_the_1932_Targa_Florio_%28cropped%29.jpg
787,
788,upload.wikimedia.org/wikipedia/commons/thumb/4/47/Joe_Fry.jpg/220px-Joe_Fry.jpg
789,
790,
791,upload.wikimedia.org/wikipedia/commons/thumb/e/ec/1938ClementeBiondetti.jpg/220px-1938ClementeBiondetti.jpg
792,
793,upload.wikimedia.org/wikipedia/commons/thumb/f/f9/Raymond_Sommer_1932.jpg/220px-Raymond_Sommer_1932.jpg
794,upload.wikimedia.org/wikipedia/en/thumb/5/59/JoieChitwoodImage.jpg/220px-JoieChitwoodImage.jpg
795,
796,
797,
798,
799,
800,upload.wikimedia.org/wikipedia/commons/thumb/b/b2/Nello_Pagani_wordt_gefeliciteerd_door_G._J._Bruinsman%2C_voorzitter_KNMV%2C_Bestanddeelnr_903-4797.jpg/220px-Nello_Pagani_wordt_gefeliciteerd_door_G._J._Bruinsman%2C_voorzitter_KNMV%2C_Bestanddeelnr_903-4797.jpg
801,upload.wikimedia.org/wikipedia/commons/thumb/f/f2/Ferrari_BB_Pozzi.jpg/250px-Ferrari_BB_Pozzi.jpg
802,
803,
804,
805,
806,
807,
808,upload.wikimedia.org/wikipedia/commons/thumb/3/31/Vitaly_Petrov_in_Goodwood.jpg/220px-Vitaly_Petrov_in_Goodwood.jpg
810,
811,upload.wikimedia.org/wikipedia/commons/thumb/3/32/Bruno_Senna_canada_2011.jpg/220px-Bruno_Senna_canada_2011.jpg
812,upload.wikimedia.org/wikipedia/commons/thumb/3/32/Karun_Chandhok_Goodwood_Festival_of_Speed_2019_%2848242680701%29.jpg/220px-Karun_Chandhok_Goodwood_Festival_of_Speed_2019_%2848242680701%29.jpg
813,upload.wikimedia.org/wikipedia/commons/thumb/0/00/Pastor_Maldonado_2015_Malaysia.jpg/220px-Pastor_Maldonado_2015_Malaysia.jpg
814,
815,
816,
817,upload.wikimedia.org/wikipedia/commons/thumb/6/64/2011_WSR_Paul_Ricard_-_Daniel_Ricciardo.jpg/220px-2011_WSR_Paul_Ricard_-_Daniel_Ricciardo.jpg
818,upload.wikimedia.org/wikipedia/commons/thumb/b/b6/Jean-%C3%89ric_Vergne_at_2018_Berlin_ePrix_podium.jpg/220px-Jean-%C3%89ric_Vergne_at_2018_Berlin_ePrix_podium.jpg
819,upload.wikimedia.org/wikipedia/commons/thumb/e/ef/Charles_Pic_Moscow_2013.jpg/220px-Charles_Pic_Moscow_2013.jpg
820,upload.wikimedia.org/wikipedia/commons/thumb/f/f8/Max_Chilton_2.jpg/220px-Max_Chilton_2.jpg
821,
822,upload.wikimedia.org/wikipedia/commons/thumb/9/9a/2019_Formula_One_tests_Barcelona%2C_Bottas_%2847200028912%29.jpg/220px-2019_Formula_One_tests_Barcelona%2C_Bottas_%2847200028912%29.jpg
823,
824,upload.wikimedia.org/wikipedia/commons/thumb/0/03/Jules_Bianchi_2012-1.JPG/220px-Jules_Bianchi_2012-1.JPG
825,upload.wikimedia.org/wikipedia/commons/thumb/1/18/2017_United_States_Grand_Prix_Magnussen_2_%2824128155318%29.jpg/220px-2017_United_States_Grand_Prix_Magnussen_2_%2824128155318%29.jpg
826,upload.wikimedia.org/wikipedia/commons/thumb/4/44/Daniil_Kvyat_USA_2017.jpg/240px-Daniil_Kvyat_USA_2017.jpg
827,upload.wikimedia.org/wikipedia/commons/thumb/1/17/Andre_Lotterer_2012_WEC_Fuji.jpg/220px-Andre_Lotterer_2012_WEC_Fuji.jpg
828,upload.wikimedia.org/wikipedia/commons/thumb/0/08/Marcus_Ericsson_Brands_Hatch_2007.jpg/220px-Marcus_Ericsson_Brands_Hatch_2007.jpg
829,upload.wikimedia.org/wikipedia/commons/thumb/c/c5/Will_Stevens_2017.jpg/300px-Will_Stevens_2017.jpg
830,upload.wikimedia.org/wikipedia/commons/thumb/7/75/Max_Verstappen_2017_Malaysia_3.jpg/220px-Max_Verstappen_2017_Malaysia_3.jpg
831,upload.wikimedia.org/wikipedia/commons/thumb/e/e7/Piloto_Felipe_Nasr_fala_%C3%A0_imprensa_ap%C3%B3s_encontro_com_Temer_%2828412246304%29.jpg/220px-Piloto_Felipe_Nasr_fala_%C3%A0_imprensa_ap%C3%B3s_encontro_com_Temer_%2828412246304%29.jpg
832,upload.wikimedia.org/wikipedia/commons/thumb/3/31/2019_Formula_One_tests_Barcelona%2C_Sainz_%2847251966861%29.jpg/250px-2019_Formula_One_tests_Barcelona%2C_Sainz_%2847251966861%29.jpg
833,upload.wikimedia.org/wikipedia/commons/thumb/d/d6/Roberto_Merhi_2015_Malaysia.jpg/240px-Roberto_Merhi_2015_Malaysia.jpg
834,upload.wikimedia.org/wikipedia/commons/thumb/d/d2/Alexander_Rossi_2017_Indianapolis_500_%28cropped%29.jpg/220px-Alexander_Rossi_2017_Indianapolis_500_%28cropped%29.jpg
835,upload.wikimedia.org/wikipedia/commons/thumb/6/6c/Jolyon_Palmer_2016_Malaysia.jpg/220px-Jolyon_Palmer_2016_Malaysia.jpg
836,upload.wikimedia.org/wikipedia/commons/thumb/9/99/2014_DTM_HockenheimringII_Pascal_Wehrlein_by_2eight_8SC3391_%28cropped%29.jpg/220px-2014_DTM_HockenheimringII_Pascal_Wehrlein_by_2eight_8SC3391_%28cropped%29.jpg
837,upload.wikimedia.org/wikipedia/commons/thumb/1/1f/Rio_Haryanto_2010.jpg/220px-Rio_Haryanto_2010.jpg
838,upload.wikimedia.org/wikipedia/commons/thumb/c/c3/Stoffel_Vandoorne_-_Malaysia_GP_2017.jpg/180px-Stoffel_Vandoorne_-_Malaysia_GP_2017.jpg
839,upload.wikimedia.org/wikipedia/commons/thumb/7/79/Esteban_Ocon_2017_Malaysia_1.jpg/220px-Esteban_Ocon_2017_Malaysia_1.jpg
840,upload.wikimedia.org/wikipedia/commons/thumb/e/e1/2019_Formula_One_tests_Barcelona%2C_Stroll_%2833376133178%29.jpg/180px-2019_Formula_One_tests_Barcelona%2C_Stroll_%2833376133178%29.jpg
841,upload.wikimedia.org/wikipedia/commons/thumb/a/a9/2019_Formula_One_tests_Barcelona%2C_Giovinazzi_%2847200025952%29.jpg/220px-2019_Formula_One_tests_Barcelona%2C_Giovinazzi_%2847200025952%29.jpg
843,upload.wikimedia.org/wikipedia/commons/thumb/9/9a/Brendon_Hartley_USA_2017.jpg/220px-Brendon_Hartley_USA_2017.jpg
844,upload.wikimedia.org/wikipedia/commons/thumb/7/73/Charles_Leclerc_Jerez_2017.jpg/220px-Charles_Leclerc_Jerez_2017.jpg
845,upload.wikimedia.org/wikipedia/commons/thumb/f/fa/Sergey_Sirotkin_Moscow.jpg/220px-Sergey_Sirotkin_Moscow.jpg
846,upload.wikimedia.org/wikipedia/commons/thumb/4/42/Lando_Norris_Formula_1_Driver_%2849379469418%29_%28cropped%29.jpg/220px-Lando_Norris_Formula_1_Driver_%2849379469418%29_%28cropped%29.jpg
847,upload.wikimedia.org/wikipedia/commons/thumb/3/36/2019_Formula_One_tests_Barcelona%2C_Russell_%2833376134568%29.jpg/220px-2019_Formula_One_tests_Barcelona%2C_Russell_%2833376134568%29.jpg
848,upload.wikimedia.org/wikipedia/commons/thumb/8/82/2019_Formula_One_tests_Barcelona%2C_Albon_%2847200030682%29.jpg/210px-2019_Formula_One_tests_Barcelona%2C_Albon_%2847200030682%29.jpg
849,upload.wikimedia.org/wikipedia/commons/thumb/7/72/FIA_F2_Austria_2019_Nr._6_Latifi.jpg/220px-FIA_F2_Austria_2019_Nr._6_Latifi.jpg
